supplier_id,supplier_name,country,region,on_time_rate,certification,preferred,po_count,po_on_time,po_mean_delay_days
SUP00001,Beta Gamma Corp,USA,West,0.75,,0,16,0.438,4.0
SUP00002,Eco Gamma GmbH,China,South,0.8,ISO 9001,0,12,0.5,2.83
SUP00003,Ultra Ultra GmbH,India,Central,0.62,ISO 14001,1,24,0.125,3.38
SUP00004,Gamma Nova LLC,USA,North,0.66,ISO 9001,0,11,0.091,3.0
SUP00005,Ultra Gamma LLC,Canada,North,0.89,ISO 9001,1,26,0.423,3.73
SUP00006,Apex Fusion Ltd,USA,East,0.63,ISO 14001,1,16,0.438,2.89
SUP00007,Fusion Gamma LLC,China,East,0.84,ISO 9001,1,14,0.214,3.18
SUP00008,Omega Gamma Ltd,USA,Central,0.7,,0,8,0.5,2.25
SUP00009,Nano Vertex LLC,China,North,0.75,ISO 9001,1,16,0.375,3.8
SUP00010,Nova Alpha Corp,Denmark,Central,0.71,,0,19,0.368,4.5
SUP00011,Alpha Prime Ltd,UK,East,0.74,,1,22,0.455,3.42
SUP00012,Delta Vertex LLC,China,East,0.88,,0,17,0.176,3.07
SUP00013,Fusion Fusion LLC,China,North,0.72,ISO 45001,1,20,0.4,3.0
SUP00014,Ultra Apex LLC,Germany,West,0.82,ISO 9001,0,25,0.32,2.71
SUP00015,Ultra Eco LLC,China,South,0.79,ISO 14001,1,26,0.269,2.89
SUP00016,Prime Gamma Inc,China,East,0.86,ISO 14001,0,18,0.333,4.0
SUP00017,Nova Alpha Ltd,India,East,0.97,ISO 9001,0,23,0.261,3.18
SUP00018,Omega Alpha Corp,UK,West,0.89,ISO 45001,0,20,0.35,3.38
SUP00019,Delta Fusion Corp,Denmark,West,0.68,ISO 45001,0,19,0.526,2.33
SUP00020,Gamma Quantum LLC,Canada,Central,0.61,,1,23,0.304,3.12
SUP00021,Nova Eco LLC,Germany,Central,0.7,ISO 9001,1,23,0.348,3.2
SUP00022,Fusion Fusion Inc,India,South,0.83,ISO 9001,0,13,0.462,3.0
SUP00023,Nova Beta Corp,Brazil,South,0.62,ISO 14001,1,22,0.591,4.44
SUP00024,Quantum Fusion Corp,UK,North,0.79,ISO 9001,0,19,0.474,3.1
SUP00025,Fusion Vertex Inc,Denmark,Central,0.83,ISO 45001,0,27,0.519,2.85
SUP00026,Quantum Eco LLC,Denmark,East,0.73,ISO 9001,1,20,0.2,3.19
SUP00027,Fusion Delta LLC,Brazil,Central,0.9,ISO 14001,0,25,0.36,3.0
SUP00028,Beta Eco Ltd,Canada,East,0.64,,0,17,0.471,3.33
SUP00029,Omega Vertex Inc,China,West,0.63,ISO 14001,1,17,0.471,3.78
SUP00030,Prime Omega Corp,India,Central,0.88,ISO 14001,0,19,0.474,2.7
SUP00031,Vertex Vertex Inc,USA,West,0.79,,0,24,0.292,3.59
SUP00032,Prime Vertex Inc,Germany,South,0.87,ISO 14001,0,18,0.556,3.12
SUP00033,Quantum Quantum Ltd,USA,South,0.77,ISO 14001,0,19,0.158,3.5
SUP00034,Delta Quantum GmbH,Brazil,North,0.7,ISO 9001,1,20,0.45,3.36
SUP00035,Eco Nano GmbH,Denmark,Central,0.92,ISO 9001,1,25,0.36,3.88
SUP00036,Apex Ultra Ltd,Canada,West,0.91,,1,14,0.357,3.67
SUP00037,Nova Gamma Ltd,Denmark,East,0.87,ISO 9001,0,22,0.409,3.31
SUP00038,Vertex Delta Inc,Germany,South,0.71,ISO 9001,0,24,0.417,4.14
SUP00039,Nova Nano GmbH,Denmark,South,0.83,ISO 14001,1,25,0.44,3.57
SUP00040,Omega Nova GmbH,Denmark,East,0.74,ISO 45001,0,21,0.238,4.0
SUP00041,Gamma Nano Corp,Germany,West,0.64,ISO 9001,0,21,0.429,3.83
SUP00042,Omega Nova Corp,India,West,0.96,ISO 45001,0,19,0.263,3.14
SUP00043,Vertex Fusion Inc,India,Central,0.65,ISO 9001,0,16,0.312,3.91
SUP00044,Gamma Quantum LLC,Germany,Central,0.97,ISO 9001,1,18,0.389,3.64
SUP00045,Pioneer Alpha Corp,Canada,North,0.77,,1,16,0.25,4.08
SUP00046,Vertex Apex Ltd,Brazil,South,0.67,,1,22,0.5,2.55
SUP00047,Eco Vertex Ltd,UK,Central,0.81,,0,13,0.462,3.43
SUP00048,Delta Gamma Corp,Denmark,West,0.94,ISO 45001,1,21,0.286,3.13
SUP00049,Vertex Delta LLC,Canada,East,0.89,ISO 14001,1,19,0.368,3.58
SUP00050,Prime Gamma GmbH,Denmark,West,0.91,ISO 9001,0,16,0.312,2.73
SUP00051,Apex Omega LLC,UK,South,0.86,ISO 9001,0,18,0.222,3.64
SUP00052,Ultra Prime Inc,Brazil,West,0.87,ISO 9001,1,25,0.32,3.53
SUP00053,Apex Quantum Inc,India,North,0.93,ISO 45001,1,18,0.444,4.3
SUP00054,Ultra Fusion Corp,Canada,South,0.7,,1,22,0.364,3.79
SUP00055,Eco Pioneer Corp,China,East,0.79,ISO 14001,1,22,0.318,3.4
SUP00056,Prime Prime Corp,China,North,0.69,ISO 45001,0,20,0.6,3.38
SUP00057,Nova Alpha Inc,UK,South,0.99,,1,12,0.417,3.71
SUP00058,Eco Prime Corp,China,East,0.97,ISO 45001,1,22,0.5,3.91
SUP00059,Vertex Beta GmbH,India,North,0.62,ISO 14001,0,26,0.5,2.54
SUP00060,Ultra Delta LLC,UK,North,0.88,,1,21,0.476,3.18
SUP00061,Vertex Delta LLC,India,South,0.96,ISO 45001,0,24,0.375,3.73
SUP00062,Omega Nano Corp,Brazil,Central,0.67,ISO 14001,0,14,0.286,3.4
SUP00063,Nano Fusion GmbH,Denmark,North,0.82,ISO 9001,0,25,0.52,3.67
SUP00064,Gamma Nova LLC,Brazil,North,0.96,ISO 14001,1,18,0.111,3.62
SUP00065,Quantum Nano Inc,Brazil,East,0.61,ISO 9001,1,20,0.25,3.8
SUP00066,Alpha Beta LLC,India,West,0.87,ISO 45001,0,21,0.619,3.88
SUP00067,Alpha Beta Ltd,UK,South,0.72,,1,21,0.476,3.91
SUP00068,Prime Prime Inc,UK,South,0.96,,1,21,0.476,2.91
SUP00069,Ultra Delta Ltd,China,Central,0.98,ISO 45001,0,18,0.5,3.44
SUP00070,Pioneer Apex Corp,USA,Central,0.97,,0,26,0.269,3.63
SUP00071,Gamma Vertex Corp,Denmark,South,0.78,,1,20,0.25,2.47
SUP00072,Beta Apex Corp,India,Central,0.94,ISO 9001,0,15,0.467,4.0
SUP00073,Omega Beta Corp,China,East,0.93,ISO 45001,1,21,0.381,3.54
SUP00074,Apex Pioneer Ltd,Canada,South,0.72,ISO 14001,1,20,0.45,4.27
SUP00075,Alpha Ultra Corp,USA,Central,0.92,ISO 9001,1,39,0.385,3.42
SUP00076,Eco Eco Ltd,USA,South,0.61,ISO 45001,1,16,0.438,4.44
SUP00077,Ultra Apex Inc,India,West,0.83,ISO 9001,0,21,0.19,4.29
SUP00078,Eco Beta Inc,Germany,North,0.69,ISO 14001,0,16,0.312,2.91
SUP00079,Delta Prime Inc,Denmark,South,0.65,ISO 14001,0,14,0.571,4.33
SUP00080,Gamma Nova Ltd,USA,North,0.63,ISO 45001,0,29,0.448,3.75
SUP00081,Fusion Apex LLC,India,Central,0.87,ISO 14001,1,14,0.143,3.42
SUP00082,Alpha Alpha Corp,India,North,0.73,ISO 9001,1,24,0.333,3.0
SUP00083,Vertex Beta LLC,China,South,0.88,ISO 14001,0,21,0.571,2.67
SUP00084,Eco Gamma LLC,Canada,West,0.63,ISO 9001,1,20,0.55,3.56
SUP00085,Beta Delta LLC,Germany,Central,0.72,ISO 9001,1,23,0.391,3.29
SUP00086,Beta Eco Inc,Denmark,South,0.81,ISO 14001,1,19,0.368,4.5
SUP00087,Beta Nano Corp,UK,Central,0.91,ISO 45001,0,22,0.455,3.83
SUP00088,Pioneer Omega Ltd,Brazil,East,0.72,,0,20,0.1,3.61
SUP00089,Ultra Quantum Ltd,Canada,North,0.84,ISO 14001,0,16,0.5,4.0
SUP00090,Apex Apex Ltd,Canada,East,0.95,ISO 9001,1,24,0.333,4.0
SUP00091,Beta Fusion GmbH,China,South,0.84,ISO 9001,0,15,0.467,4.38
SUP00092,Alpha Nova Ltd,UK,West,0.69,ISO 14001,0,27,0.444,3.8
SUP00093,Prime Nano Ltd,USA,Central,0.61,ISO 45001,0,20,0.35,3.77
SUP00094,Apex Eco Ltd,USA,North,0.94,ISO 45001,0,13,0.154,3.73
SUP00095,Pioneer Ultra GmbH,China,Central,0.61,ISO 9001,0,23,0.348,3.4
SUP00096,Apex Prime Ltd,India,South,0.94,ISO 9001,0,18,0.611,2.71
SUP00097,Beta Pioneer Inc,USA,Central,0.81,ISO 45001,1,18,0.333,4.17
SUP00098,Gamma Quantum Inc,Germany,North,0.97,,1,25,0.48,3.15
SUP00099,Nova Eco LLC,Denmark,South,0.91,ISO 14001,0,22,0.545,4.0
SUP00100,Nano Ultra Corp,Canada,Central,0.99,ISO 9001,0,21,0.238,3.06
